,housing_units,consumer_sentiment,ppi_building,mortgage_rate,ppi_trans,newly_owned_houses,working_age_pop,unemp_rate,pop_growth,gdp_data,target_var,cluster_labels
0,119483.0,93.0,135.7,5.7,126.3,1698.0,183761750.0,5.7,0.927797485710314,13394.91,117.143,2
1,119483.0,90.7,135.7,5.7,126.3,1829.0,183761750.0,5.7,0.927797485710314,13422.392,117.845,2
2,119483.0,95.7,135.7,5.7,126.3,1642.0,183761750.0,5.7,0.927797485710314,13449.874,118.686,2
3,119483.0,93.0,135.7,5.9,126.3,1592.0,183761750.0,5.9,0.927797485710314,13477.356,119.61,2
4,119625.0,96.9,135.7,5.8,126.3,1764.0,183761750.0,5.8,0.927797485710314,13495.484333333334,120.724,2
5,119767.0,92.4,135.7,5.8,126.3,1717.0,183761750.0,5.8,0.927797485710314,13513.612666666666,121.812,2
6,119909.0,88.1,135.7,5.8,126.3,1655.0,183761750.0,5.8,0.927797485710314,13531.741,122.887,2
7,120056.0,87.6,135.7,5.7,126.3,1633.0,183761750.0,5.7,0.927797485710314,13537.634333333332,123.83,2
8,120203.0,86.1,135.7,5.7,126.3,1804.0,183761750.0,5.7,0.927797485710314,13543.527666666669,124.779,2
9,120350.0,80.6,135.7,5.7,126.3,1648.0,183761750.0,5.7,0.927797485710314,13549.421,125.734,2
10,120497.33333333331,84.2,135.7,5.9,126.3,1753.0,183761750.0,5.9,0.927797485710314,13572.758666666668,126.669,2
11,120644.66666666669,86.7,135.7,6.0,126.3,1788.0,183761750.0,6.0,0.927797485710314,13596.096333333331,127.623,2
12,120792.0,82.4,135.7,5.8,126.3,1853.0,186914416.666667,5.8,0.859481712840946,13619.434,128.46,2
13,120939.0,79.9,135.7,5.9,126.3,1629.0,186914416.666667,5.9,0.859481712840946,13659.991666666669,129.355,2
14,121086.0,77.6,135.7,5.9,126.3,1726.0,186914416.666667,5.9,0.859481712840946,13700.549333333332,130.14700000000002,2
15,121233.0,86.0,135.7,6.0,126.3,1643.0,186914416.666667,6.0,0.859481712840946,13741.107,130.884,2
16,121382.66666666669,92.1,135.7,6.1,126.3,1751.0,186914416.666667,6.1,0.859481712840946,13817.457,131.734,2
17,121532.33333333331,89.7,135.7,6.3,126.3,1867.0,186914416.666667,6.3,0.859481712840946,13893.807,132.649,2
18,121682.0,90.9,135.7,6.2,126.3,1897.0,186914416.666667,6.2,0.859481712840946,13970.157,133.77700000000002,2
19,121841.0,89.3,135.7,6.1,126.3,1833.0,186914416.666667,6.1,0.859481712840946,14023.897666666666,134.968,2
20,122000.0,87.7,135.7,6.1,126.3,1939.0,186914416.666667,6.1,0.859481712840946,14077.638333333334,136.29399999999998,2
21,122159.0,89.6,135.7,6.0,126.3,1967.0,186914416.666667,6.0,0.859481712840946,14131.379,137.532,2
22,122316.66666666669,93.7,135.7,5.8,126.3,2083.0,186914416.666667,5.8,0.859481712840946,14158.366,138.793,2
23,122474.33333333331,92.6,100.0,5.7,126.3,2057.0,186914416.666667,5.7,0.859481712840946,14185.353,140.179,2
24,122632.0,103.8,102.5,5.7,126.3,1911.0,188748083.333333,5.7,0.925483968943482,14212.34,141.64600000000002,2
25,122787.66666666669,94.4,104.1,5.6,126.3,1846.0,188748083.333333,5.6,0.925483968943482,14249.232333333332,143.191,2
26,122943.33333333331,95.8,105.1,5.8,126.3,1998.0,188748083.333333,5.8,0.925483968943482,14286.124666666668,145.059,2
27,123099.0,94.2,108.6,5.6,126.3,2003.0,188748083.333333,5.6,0.925483968943482,14323.017,146.592,2
28,123261.66666666669,90.2,107.7,5.6,126.3,1981.0,188748083.333333,5.6,0.925483968943482,14367.955333333332,148.185,2
29,123424.33333333331,95.6,108.7,5.6,126.3,1828.0,188748083.333333,5.6,0.925483968943482,14412.893666666669,149.85,2
30,123587.0,96.7,113.1,5.5,126.3,2002.0,188748083.333333,5.5,0.925483968943482,14457.832,151.338,2
31,123756.66666666669,95.9,112.5,5.4,126.3,2024.0,188748083.333333,5.4,0.925483968943482,14507.086333333333,152.634,2
32,123926.33333333331,94.2,115.5,5.4,126.3,1905.0,188748083.333333,5.4,0.925483968943482,14556.340666666669,154.179,2
33,124096.0,91.7,110.6,5.5,126.3,2072.0,188748083.333333,5.5,0.925483968943482,14605.595,155.75,2
34,124267.66666666669,92.8,108.4,5.4,126.3,1782.0,188748083.333333,5.4,0.925483968943482,14659.678666666669,157.52700000000002,2
35,124439.33333333331,97.1,108.1,5.4,126.3,2042.0,188748083.333333,5.4,0.925483968943482,14713.762333333332,159.33,2
36,124611.0,95.5,108.6,5.3,126.3,2144.0,191014166.666667,5.3,0.921713167161207,14767.846,161.28799999999998,2
37,124780.0,94.1,110.8,5.4,126.3,2207.0,191014166.666667,5.4,0.921713167161207,14791.799666666666,163.344,2
38,124949.0,92.6,110.0,5.2,126.3,1864.0,191014166.666667,5.2,0.921713167161207,14815.753333333334,165.812,2
39,125118.0,87.7,110.4,5.2,126.3,2061.0,191014166.666667,5.2,0.921713167161207,14839.707,167.50099999999998,2
40,125285.0,86.9,106.9,5.1,126.3,2025.0,191014166.666667,5.1,0.921713167161207,14878.568333333333,169.35,2
41,125452.0,96.0,106.8,5.0,126.3,2068.0,191014166.666667,5.0,0.921713167161207,14917.429666666669,171.19,2
42,125619.0,96.5,106.6,5.0,126.3,2054.0,191014166.666667,5.0,0.921713167161207,14956.291,172.859,2
43,125780.66666666669,89.1,108.1,4.9,126.3,2095.0,191014166.666667,4.9,0.921713167161207,14984.604666666666,174.44299999999998,2
44,125942.33333333331,76.9,111.2,5.0,126.3,2151.0,191014166.666667,5.0,0.921713167161207,15012.918333333331,176.437,2
45,126104.0,74.2,111.2,5.0,126.3,2065.0,191014166.666667,5.0,0.921713167161207,15041.232,178.02700000000002,2
46,126264.0,81.6,112.6,5.0,126.3,2147.0,191014166.666667,5.0,0.921713167161207,15108.850666666667,179.68,2
47,126424.0,91.5,115.3,4.9,126.3,1994.0,191014166.666667,4.9,0.921713167161207,15176.469333333333,180.91,2
48,126584.0,91.2,115.7,4.7,126.3,2273.0,193201416.666667,4.7,0.964253917136075,15244.088,182.32,2
49,126746.66666666669,86.7,116.6,4.8,126.3,2119.0,193201416.666667,4.8,0.964253917136075,15256.567,183.287,2
50,126909.33333333331,88.9,115.1,4.7,126.3,1969.0,193201416.666667,4.7,0.964253917136075,15269.046,184.364,2
51,127072.0,87.4,117.9,4.7,126.3,1821.0,193201416.666667,4.7,0.964253917136075,15281.525,184.329,2
52,127230.66666666669,79.1,116.4,4.6,126.3,1942.0,193201416.666667,4.6,0.964253917136075,15289.189,184.156,2
53,127389.33333333331,84.9,122.8,4.6,126.3,1802.0,193201416.666667,4.6,0.964253917136075,15296.853,183.507,2
54,127548.0,84.7,122.5,4.7,126.3,1737.0,193201416.666667,4.7,0.964253917136075,15304.517,183.067,2
55,127695.66666666669,82.0,123.6,4.7,126.3,1650.0,193201416.666667,4.7,0.964253917136075,15347.559,182.596,2
56,127843.33333333331,85.4,127.7,4.5,126.3,1720.0,193201416.666667,4.5,0.964253917136075,15390.601,182.798,2
57,127991.0,93.6,122.0,4.4,126.3,1491.0,193201416.666667,4.4,0.964253917136075,15433.643,183.198,2
58,128140.33333333331,92.1,117.2,4.5,126.3,1570.0,193201416.666667,4.5,0.964253917136075,15448.747333333333,183.609,2
59,128289.66666666669,91.7,119.8,4.4,100.0,1649.0,193201416.666667,4.4,0.964253917136075,15463.851666666667,184.138,2
60,128439.0,96.9,119.7,4.6,101.7,1409.0,195639000.0,4.6,0.951055242772428,15478.956,184.516,2
61,128588.66666666669,91.3,121.0,4.5,101.9,1480.0,195639000.0,4.5,0.951055242772428,15511.897,184.598,2
62,128738.33333333331,88.4,121.1,4.4,102.3,1495.0,195639000.0,4.4,0.951055242772428,15544.838,184.149,2
63,128888.0,87.1,121.3,4.5,102.8,1490.0,195639000.0,4.5,0.951055242772428,15577.779,183.01,2
64,129025.33333333331,88.3,124.6,4.4,103.4,1415.0,195639000.0,4.4,0.951055242772428,15609.054333333332,181.6,2
65,129162.66666666669,85.3,125.2,4.6,104.7,1448.0,195639000.0,4.6,0.951055242772428,15640.329666666668,180.254,2
66,129300.0,90.4,125.1,4.7,105.1,1354.0,195639000.0,4.7,0.951055242772428,15671.605,179.111,2
67,129411.33333333331,83.4,123.5,4.6,105.4,1330.0,195639000.0,4.6,0.951055242772428,15703.452,178.11700000000002,2
68,129522.66666666669,83.4,122.9,4.7,104.5,1183.0,195639000.0,4.7,0.951055242772428,15735.299,177.558,2
69,129634.0,80.9,122.0,4.7,105.6,1264.0,195639000.0,4.7,0.951055242772428,15767.146,176.62400000000002,2
70,129745.33333333331,76.1,120.2,4.7,106.5,1197.0,195639000.0,4.7,0.951055242772428,15745.732666666669,175.14700000000002,2
71,129856.66666666669,75.5,122.1,5.0,106.6,1037.0,195639000.0,5.0,0.951055242772428,15724.319333333337,174.342,2
72,129968.0,78.4,120.4,5.0,108.3,1084.0,196626583.333333,5.0,0.945865287282592,15702.906,173.132,2
73,130079.66666666669,70.8,120.5,4.9,108.3,1103.0,196626583.333333,4.9,0.945865287282592,15732.861666666668,171.54,2
74,130191.33333333331,69.5,119.6,5.1,109.8,1005.0,196626583.333333,5.1,0.945865287282592,15762.817333333332,170.053,0
75,130303.0,62.6,119.0,5.0,110.5,1013.0,196626583.333333,5.0,0.945865287282592,15792.773,168.338,0
76,130398.66666666669,59.8,119.5,5.4,112.7,973.0,196626583.333333,5.4,0.945865287282592,15765.036,166.65900000000002,0
77,130494.33333333331,56.4,123.5,5.6,115.1,1046.0,196626583.333333,5.6,0.945865287282592,15737.299,165.017,0
78,130590.0,61.2,123.9,5.8,116.0,923.0,196626583.333333,5.8,0.945865287282592,15709.562,163.566,0
79,130659.0,63.0,122.6,6.1,116.0,844.0,196626583.333333,6.1,0.945865287282592,15595.243666666667,161.988,0
80,130728.0,70.3,122.6,6.1,115.1,820.0,196626583.333333,6.1,0.945865287282592,15480.925333333333,160.308,0
81,130797.0,57.6,120.9,6.5,114.3,777.0,196626583.333333,6.5,0.945865287282592,15366.607,158.326,0
82,130865.0,55.3,120.6,6.8,112.3,652.0,196626583.333333,6.8,0.945865287282592,15306.896333333334,156.141,0
83,130933.0,60.1,119.1,7.3,109.9,560.0,196626583.333333,7.3,0.945865287282592,15247.185666666666,153.618,0
84,131001.0,61.2,122.0,7.8,110.0,490.0,197803250.0,7.8,0.876651298802912,15187.475,151.506,0
85,131069.66666666669,56.3,120.9,8.3,108.2,582.0,197803250.0,8.3,0.876651298802912,15178.907333333334,150.014,0
86,131138.33333333334,57.3,122.0,8.7,107.2,505.0,197803250.0,8.7,0.876651298802912,15170.339666666669,148.66,0
87,131207.0,65.1,122.0,9.0,107.1,478.0,197803250.0,9.0,0.876651298802912,15161.772,147.94799999999998,0
88,131263.0,68.7,120.8,9.4,106.4,540.0,197803250.0,9.4,0.876651298802912,15180.063666666669,147.695,0
89,131319.0,70.8,123.0,9.5,107.0,585.0,197803250.0,9.5,0.876651298802912,15198.355333333337,148.09,0
90,131375.0,66.0,121.9,9.5,107.8,594.0,197803250.0,9.5,0.876651298802912,15216.647,148.409,0
91,131413.33333333334,65.7,122.6,9.6,108.6,586.0,197803250.0,9.6,0.876651298802912,15270.816333333334,148.27700000000002,0
92,131451.66666666666,73.5,121.5,9.8,108.0,585.0,197803250.0,9.8,0.876651298802912,15324.985666666667,148.024,0
93,131490.0,70.6,118.2,10.0,108.6,534.0,197803250.0,10.0,0.876651298802912,15379.155,147.849,0
94,131535.33333333334,67.4,114.9,9.9,109.4,588.0,197803250.0,9.9,0.876651298802912,15404.789666666667,148.134,0
95,131580.66666666666,72.5,119.5,9.9,109.4,581.0,197803250.0,9.9,0.876651298802912,15430.424333333332,147.929,0
96,131626.0,74.4,119.7,9.8,111.1,614.0,199123250.0,9.8,0.829616674709795,15456.059,147.395,0
97,131667.0,73.6,119.6,9.8,111.2,604.0,199123250.0,9.8,0.829616674709795,15505.915333333332,145.631,0
98,131708.0,73.6,120.3,9.9,112.1,636.0,199123250.0,9.9,0.829616674709795,15555.771666666667,145.859,0
99,131749.0,72.2,126.2,9.9,112.6,687.0,199123250.0,9.9,0.829616674709795,15605.628,146.404,0
100,131790.66666666666,73.6,125.6,9.6,112.8,583.0,199123250.0,9.6,0.829616674709795,15645.846,146.394,0
101,131832.33333333334,76.0,120.0,9.4,113.6,536.0,199123250.0,9.4,0.829616674709795,15686.064,145.72,0
102,131874.0,67.8,122.0,9.4,113.8,546.0,199123250.0,9.4,0.829616674709795,15726.282,144.99,0
103,131914.33333333334,68.9,121.3,9.5,113.2,599.0,199123250.0,9.5,0.829616674709795,15753.519666666669,143.915,0
104,131954.66666666666,68.2,121.4,9.5,112.2,594.0,199123250.0,9.5,0.829616674709795,15780.757333333331,143.018,0
105,131995.0,67.7,120.4,9.4,113.2,543.0,199123250.0,9.4,0.829616674709795,15807.995,142.531,0
106,132035.66666666666,71.6,120.2,9.8,113.7,545.0,199123250.0,9.8,0.829616674709795,15795.300333333334,142.172,0
107,132076.33333333334,74.5,121.6,9.3,113.9,539.0,199123250.0,9.3,0.829616674709795,15782.605666666666,142.061,0
108,132117.0,74.2,122.1,9.1,115.7,630.0,199888916.666667,9.1,0.726786704810745,15769.911,141.52200000000002,0
109,132157.66666666666,77.5,123.8,9.0,116.8,517.0,199888916.666667,9.0,0.726786704810745,15805.553666666669,140.351,0
110,132198.33333333334,67.5,125.1,9.0,118.7,600.0,199888916.666667,9.0,0.726786704810745,15841.196333333331,139.982,0
111,132239.0,69.8,125.5,9.1,119.6,554.0,199888916.666667,9.1,0.726786704810745,15876.839,140.01,0
112,132280.0,74.3,124.2,9.0,120.3,561.0,199888916.666667,9.0,0.726786704810745,15874.787333333334,139.905,0
113,132321.0,71.5,123.1,9.1,120.4,608.0,199888916.666667,9.1,0.726786704810745,15872.735666666666,139.862,0
114,132362.0,63.7,123.2,9.0,120.4,623.0,199888916.666667,9.0,0.726786704810745,15870.684,139.73,0
115,132405.0,55.8,124.3,9.0,120.7,585.0,199888916.666667,9.0,0.726786704810745,15930.023333333333,139.308,0
116,132448.0,59.5,123.8,9.0,120.1,650.0,199888916.666667,9.0,0.726786704810745,15989.362666666666,138.66899999999998,0
117,132491.0,60.8,126.1,8.8,120.5,610.0,199888916.666667,8.8,0.726786704810745,16048.702,137.953,0
118,132533.66666666666,63.7,126.0,8.6,120.7,711.0,199888916.666667,8.6,0.726786704810745,16092.457333333334,137.153,0
119,132576.33333333334,69.9,125.2,8.5,120.9,694.0,199888916.666667,8.5,0.726786704810745,16136.212666666666,136.675,0
120,132619.0,75.0,126.0,8.3,122.1,723.0,201415250.0,8.3,0.733599941250847,16179.968,136.608,0
121,132662.0,75.3,126.9,8.3,122.9,704.0,201415250.0,8.3,0.733599941250847,16204.554,136.533,0
122,132705.0,76.2,127.4,8.2,124.1,695.0,201415250.0,8.2,0.733599941250847,16229.14,137.905,0
123,132748.0,76.4,128.9,8.2,124.5,753.0,201415250.0,8.2,0.733599941250847,16253.726,139.155,0
124,132795.33333333334,79.3,127.8,8.2,124.5,708.0,201415250.0,8.2,0.733599941250847,16263.201,140.155,0
125,132842.66666666666,73.2,128.8,8.2,124.5,757.0,201415250.0,8.2,0.733599941250847,16272.676,141.03,0
126,132890.0,72.3,128.5,8.2,124.0,740.0,201415250.0,8.2,0.733599941250847,16282.151,141.66899999999998,0
127,132947.33333333334,74.3,130.4,8.1,124.2,754.0,201415250.0,8.1,0.733599941250847,16288.112333333333,142.281,0
128,133004.66666666666,78.3,132.3,7.8,123.3,847.0,201415250.0,7.8,0.733599941250847,16294.073666666667,142.909,0
129,133062.0,82.6,132.2,7.8,124.2,915.0,201415250.0,7.8,0.733599941250847,16300.035,143.602,0
130,133119.33333333334,82.7,131.4,7.7,124.1,833.0,201415250.0,7.7,0.733599941250847,16347.185,144.586,0
131,133176.66666666666,72.9,133.4,7.9,124.0,976.0,201415250.0,7.9,0.733599941250847,16394.335,145.503,0
132,133234.0,73.8,135.8,8.0,125.0,888.0,202267583.333333,8.0,0.692860276624581,16441.485,146.827,0
133,133292.0,77.6,138.9,7.7,125.4,962.0,202267583.333333,7.7,0.692860276624581,16449.124,147.783,0
134,133350.0,78.6,139.1,7.5,126.3,1010.0,202267583.333333,7.5,0.692860276624581,16456.763,149.963,0
135,133408.0,76.4,141.9,7.6,125.5,835.0,202267583.333333,7.6,0.692860276624581,16464.402,151.519,0
136,133469.66666666666,84.5,140.7,7.5,125.1,930.0,202267583.333333,7.5,0.692860276624581,16507.849,152.849,0
137,133531.33333333334,84.1,140.2,7.5,126.0,839.0,202267583.333333,7.5,0.692860276624581,16551.296,154.19899999999998,0
138,133593.0,85.1,140.6,7.3,126.3,880.0,202267583.333333,7.3,0.692860276624581,16594.743,155.60399999999998,0
139,133661.66666666666,82.1,138.0,7.2,126.5,917.0,202267583.333333,7.2,0.692860276624581,16634.082,156.965,0
140,133730.33333333334,77.5,139.0,7.2,125.1,850.0,202267583.333333,7.2,0.692860276624581,16673.421,158.227,0
141,133799.0,73.2,137.5,7.2,125.9,925.0,202267583.333333,7.2,0.692860276624581,16712.76,159.24200000000002,0
142,133867.66666666666,75.1,135.8,6.9,125.4,1100.0,202267583.333333,6.9,0.692860276624581,16693.255666666664,160.07399999999998,0
143,133936.33333333334,82.5,136.0,6.7,126.8,1002.0,202267583.333333,6.7,0.692860276624581,16673.751333333334,160.993,0
144,134005.0,81.2,136.0,6.6,126.9,888.0,202987250.0,6.6,0.733361519937424,16654.247,161.92700000000002,0
145,134074.0,81.6,135.6,6.7,127.1,944.0,202987250.0,6.7,0.733361519937424,16725.534333333333,162.52700000000002,0
146,134143.0,80.0,133.8,6.7,128.4,970.0,202987250.0,6.7,0.733361519937424,16796.821666666667,163.088,0
147,134212.0,84.1,133.9,6.2,129.0,1043.0,202987250.0,6.2,0.733361519937424,16868.109,163.395,0
148,134282.33333333334,81.9,134.1,6.3,129.0,1007.0,202987250.0,6.3,0.733361519937424,16933.611333333334,163.662,0
149,134352.66666666666,82.5,134.6,6.1,129.7,911.0,202987250.0,6.1,0.733361519937424,16999.113666666668,164.062,0
150,134423.0,81.8,136.0,6.2,129.8,1085.0,202987250.0,6.2,0.733361519937424,17064.616,164.576,0
151,134496.0,82.5,135.7,6.1,130.0,984.0,202987250.0,6.1,0.733361519937424,17090.15566666667,165.21599999999998,0
152,134569.0,84.6,137.2,5.9,128.4,1023.0,202987250.0,5.9,0.733361519937424,17115.695333333333,165.907,1
153,134642.0,86.9,136.6,5.7,128.4,1074.0,202987250.0,5.7,0.733361519937424,17141.235,166.643,1
154,134715.33333333334,88.8,137.1,5.8,128.2,1001.0,202987250.0,5.8,0.733361519937424,17187.70566666667,167.33700000000002,1
155,134788.66666666666,93.6,135.9,5.6,128.3,1073.0,202987250.0,5.6,0.733361519937424,17234.176333333333,168.05200000000002,1
156,134862.0,98.1,136.1,5.7,128.2,1085.0,204291750.0,5.7,0.73621730882542,17280.647,168.634,1
157,134935.0,95.4,138.6,5.5,127.3,886.0,204291750.0,5.5,0.73621730882542,17314.056333333334,169.132,1
158,135008.0,93.0,138.6,5.4,127.7,960.0,204291750.0,5.4,0.73621730882542,17347.465666666667,169.801,1
159,135081.0,95.9,137.7,5.4,127.2,1190.0,204291750.0,5.4,0.73621730882542,17380.875,170.299,1
160,135157.0,90.7,138.7,5.6,127.1,1079.0,204291750.0,5.6,0.73621730882542,17399.61,170.882,1
161,135233.0,96.1,138.4,5.3,127.9,1205.0,204291750.0,5.3,0.73621730882542,17418.345,171.467,1
162,135309.0,93.1,139.8,5.2,127.9,1146.0,204291750.0,5.2,0.73621730882542,17437.08,172.12900000000002,1
163,135390.0,91.9,138.3,5.1,126.9,1130.0,204291750.0,5.1,0.73621730882542,17445.57966666667,172.938,1
164,135471.0,87.2,136.9,5.0,125.5,1224.0,204291750.0,5.0,0.73621730882542,17454.079333333335,173.83,1
165,135552.0,90.0,136.3,5.0,125.8,1058.0,204291750.0,5.0,0.73621730882542,17462.579,174.793,1
166,135633.0,91.3,137.5,5.1,125.7,1172.0,204291750.0,5.1,0.73621730882542,17496.874333333333,175.739,1
167,135714.0,92.6,137.2,5.0,125.2,1146.0,204291750.0,5.0,0.73621730882542,17531.16966666667,176.545,1
168,135795.0,92.0,136.4,4.8,126.0,1092.0,205502750.0,4.8,0.724676067451429,17565.465,177.27200000000002,1
169,135876.33333333334,91.7,137.8,4.9,125.5,1225.0,205502750.0,4.9,0.724676067451429,17583.17033333333,177.65200000000002,1
170,135957.66666666666,91.0,136.7,5.0,126.1,1111.0,205502750.0,5.0,0.724676067451429,17600.875666666667,178.168,1
171,136039.0,89.0,137.8,5.1,125.5,1163.0,205502750.0,5.1,0.724676067451429,17618.581,178.768,1
172,136122.33333333334,94.7,138.5,4.8,124.7,1148.0,205502750.0,4.8,0.724676067451429,17653.883666666665,179.43099999999998,1
173,136205.66666666666,93.5,140.9,4.9,125.7,1203.0,205502750.0,4.9,0.724676067451429,17689.186333333335,180.079,1
174,136289.0,90.0,139.7,4.8,126.3,1239.0,205502750.0,4.8,0.724676067451429,17724.489,180.829,1
175,136377.33333333334,89.8,140.5,4.9,125.9,1171.0,205502750.0,4.9,0.724676067451429,17753.846,181.854,1
176,136465.66666666666,91.2,139.4,5.0,123.8,1068.0,205502750.0,5.0,0.724676067451429,17783.203,182.827,1
177,136554.0,87.2,138.0,4.9,124.9,1313.0,205502750.0,4.9,0.724676067451429,17812.56,183.756,1
178,136642.0,93.8,138.9,4.7,125.3,1140.0,205502750.0,4.7,0.724676067451429,17838.071333333333,184.765,1
179,136730.0,98.2,139.8,4.7,126.3,1252.0,205502750.0,4.7,0.724676067451429,17863.58266666667,185.726,1
180,136818.0,98.5,140.1,4.7,127.1,1190.0,205537500.0,4.7,0.63264399508256,17889.094,186.8,1
181,136906.33333333334,96.3,140.3,4.6,127.4,1271.0,205537500.0,4.6,0.63264399508256,17919.135333333335,187.314,1
182,136994.66666666666,96.9,142.9,4.4,127.0,1190.0,205537500.0,4.4,0.63264399508256,17949.176666666666,187.992,1
183,137083.0,97.0,141.1,4.4,127.6,1146.0,205537500.0,4.4,0.63264399508256,17979.218,188.727,1
184,137173.33333333334,97.1,142.2,4.4,127.0,1157.0,205537500.0,4.4,0.63264399508256,18028.81,189.622,1
185,137263.66666666666,95.0,142.6,4.3,128.1,1249.0,205537500.0,4.3,0.63264399508256,18078.402,190.512,1
186,137354.0,93.4,143.1,4.3,127.8,1206.0,205537500.0,4.3,0.63264399508256,18127.994,191.454,1
187,137448.33333333334,96.8,144.9,4.4,127.7,1159.0,205537500.0,4.4,0.63264399508256,18188.762666666666,192.675,1
188,137542.66666666666,95.1,142.2,4.3,127.6,1181.0,205537500.0,4.3,0.63264399508256,18249.53133333333,193.774,1
189,137637.0,100.7,143.1,4.2,128.9,1257.0,205537500.0,4.2,0.63264399508256,18310.3,194.82,1
190,137731.33333333334,98.5,143.5,4.2,129.7,1273.0,205537500.0,4.2,0.63264399508256,18352.575666666668,195.96400000000003,1
191,137825.66666666666,95.9,145.7,4.1,129.1,1177.0,205537500.0,4.1,0.63264399508256,18394.85133333333,197.17,1
192,137920.0,95.7,145.2,4.0,130.0,1299.0,206507750.0,4.0,0.526435395564053,18437.127,198.294,1
193,138014.33333333334,99.7,147.1,4.1,131.0,1277.0,206507750.0,4.1,0.526435395564053,18479.983666666667,199.211,1
194,138108.66666666666,101.4,147.9,4.0,132.3,1318.0,206507750.0,4.0,0.526435395564053,18522.840333333334,199.952,1
195,138203.0,98.8,150.0,4.0,132.6,1276.0,206507750.0,4.0,0.526435395564053,18565.697,200.655,1
196,138298.0,98.0,151.4,3.8,132.6,1357.0,206507750.0,3.8,0.526435395564053,18610.380666666668,201.433,1
197,138393.0,98.2,153.3,4.0,134.2,1192.0,206507750.0,4.0,0.526435395564053,18655.06433333333,202.243,1
198,138488.0,97.9,154.4,3.8,134.6,1208.0,206507750.0,3.8,0.526435395564053,18699.748,202.926,1
199,138584.66666666666,96.2,151.9,3.8,134.0,1288.0,206507750.0,3.8,0.526435395564053,18711.079,203.71400000000003,1
200,138681.33333333334,100.1,151.5,3.7,134.5,1250.0,206507750.0,3.7,0.526435395564053,18722.41,204.389,1
201,138778.0,98.6,152.2,3.8,136.1,1221.0,206507750.0,3.8,0.526435395564053,18733.741,205.159,1
202,138875.0,97.5,149.8,3.8,136.7,1181.0,206507750.0,3.8,0.526435395564053,18767.631,205.692,1
203,138972.0,98.3,151.0,3.9,136.3,1095.0,206507750.0,3.9,0.526435395564053,18801.521,206.149,1
204,139069.0,91.2,148.1,4.0,137.2,1232.0,206269916.666667,4.0,0.455381285963537,18835.411,206.495,1
205,139166.0,93.8,148.4,3.8,136.4,1128.0,206269916.666667,3.8,0.455381285963537,18877.665666666668,206.792,1
206,139263.0,98.4,152.0,3.8,136.8,1195.0,206269916.666667,3.8,0.455381285963537,18919.92033333333,207.017,1
207,139360.0,97.2,155.8,3.6,137.4,1267.0,206269916.666667,3.6,0.455381285963537,18962.175,207.51,1
208,139458.33333333334,100.0,150.2,3.7,137.5,1307.0,206269916.666667,3.7,0.455381285963537,19018.427333333333,208.157,1
209,139556.66666666666,98.2,148.6,3.6,138.3,1228.0,206269916.666667,3.6,0.455381285963537,19074.679666666667,208.677,1
210,139655.0,98.4,151.7,3.7,138.6,1245.0,206269916.666667,3.7,0.455381285963537,19130.932,209.319,1
211,139757.0,89.8,152.1,3.7,137.7,1367.0,206269916.666667,3.7,0.455381285963537,19159.185,210.145,1
212,139859.0,93.2,155.0,3.5,136.7,1300.0,206269916.666667,3.5,0.455381285963537,19187.438,210.97,1
213,139961.0,95.5,152.4,3.6,137.9,1332.0,206269916.666667,3.6,0.455381285963537,19215.691,211.874,1
214,140062.66666666666,96.8,152.2,3.6,137.9,1346.0,206269916.666667,3.6,0.455381285963537,19140.419666666665,212.819,1
215,140164.33333333334,99.3,153.1,3.6,139.7,1551.0,206269916.666667,3.6,0.455381285963537,19065.14833333333,213.906,1
216,140266.0,99.8,153.5,3.5,139.0,1572.0,205721083.333333,3.5,0.964347900193196,18989.877,214.904,1
217,140377.33333333334,101.0,152.2,3.5,138.3,1565.0,205721083.333333,3.5,0.964347900193196,18452.822,215.721,1
218,140488.66666666666,89.1,153.0,4.4,135.8,1267.0,205721083.333333,4.4,0.964347900193196,17915.767,216.314,1
219,140600.0,71.8,155.7,14.7,132.0,925.0,205721083.333333,14.7,0.964347900193196,17378.712,216.80900000000003,0
220,140704.66666666666,72.3,153.5,13.2,132.9,1054.0,205721083.333333,13.2,0.964347900193196,17833.714666666667,217.015,0
221,140809.33333333334,78.1,160.7,11.0,134.5,1266.0,205721083.333333,11.0,0.964347900193196,18288.71733333333,217.657,0
222,140914.0,72.5,163.9,10.2,133.6,1529.0,205721083.333333,10.2,0.964347900193196,18743.72,219.448,0
223,141026.33333333334,74.1,179.8,8.4,132.2,1377.0,205721083.333333,8.4,0.964347900193196,18803.90066666667,222.484,1
224,141138.66666666666,80.4,197.6,7.9,132.8,1463.0,205721083.333333,7.9,0.964347900193196,18864.08133333333,225.937,1
225,141251.0,81.8,196.4,6.9,135.2,1537.0,205721083.333333,6.9,0.964347900193196,18924.262,229.888,1
226,141363.66666666666,76.9,177.5,6.7,134.6,1545.0,205721083.333333,6.7,0.964347900193196,19021.582666666665,233.253,1
227,141476.33333333334,80.7,177.6,6.7,134.1,1663.0,205721083.333333,6.7,0.964347900193196,19118.90333333333,236.433,1
228,141589.0,79.0,189.7,6.3,135.0,1602.0,205254833.333333,6.3,0.156747054750178,19216.224,239.413,1
229,141701.66666666666,76.8,194.9,6.2,136.1,1422.0,205254833.333333,6.2,0.156747054750178,19325.56533333333,242.123,1
230,141814.33333333334,84.9,198.9,6.1,138.5,1700.0,205254833.333333,6.1,0.156747054750178,19434.906666666662,245.325,1
231,141927.0,88.3,213.3,6.1,142.5,1484.0,205254833.333333,6.1,0.156747054750178,19544.248,249.077,1
232,142047.33333333334,82.9,235.1,5.8,142.8,1600.0,205254833.333333,5.8,0.156747054750178,19587.03,253.474,1
233,142167.66666666666,85.5,251.7,5.9,145.6,1661.0,205254833.333333,5.9,0.156747054750178,19629.812,258.423,1
234,142288.0,81.2,229.959,5.4,147.625,1593.0,205254833.333333,5.4,0.156747054750178,19672.594,262.956,1
235,142424.33333333334,70.3,212.302,5.2,148.312,1576.0,205254833.333333,5.2,0.156747054750178,19783.789666666667,267.005,1
236,142560.66666666666,72.8,204.828,4.8,147.851,1560.0,205254833.333333,4.8,0.156747054750178,19894.98533333333,270.523,1
237,142697.0,71.7,204.302,4.5,150.266,1572.0,205254833.333333,4.5,0.156747054750178,20006.181,273.931,1
238,142833.0,67.4,196.066,4.2,153.389,1712.0,205254833.333333,4.2,0.156747054750178,19978.816666666666,277.284,1
239,142969.0,70.6,199.89,3.9,155.95,1787.0,205254833.333333,3.9,0.156747054750178,19951.45233333333,281.266,1
240,143105.0,67.2,217.684,4.0,157.367,1669.0,207263666.666667,4.0,0.377564531459432,19924.088,285.708,1
